Workbook

Sheet التقويم
A1: تقويم محتوى مسكوب (90 يومًا)
A2: تاريخ بدء الخطة | B2: [أدخل التاريخ] | C2: أدخل تاريخًا حقيقيًا في الخلية B2 لتظهر التواريخ تلقائيًا
A3: رقم يوم الافتتاح (عدّله) | B3: 46
A5: اليوم | B5: التاريخ | C5: المرحلة | D5: الركيزة | E5: شكل إنستجرام | F5: الفكرة | G5: كابشن مسودة (بالمصري) | H5: الأصول المطلوبة | I5: الدعوة | J5: مؤشر النجاح | K5: ستوري | L5: فيسبوك | M5: خرائط جوجل | N5: واتساب (بموافقة فقط) | O5: الحالة
A6: 1 | B6: =IF(ISNUMBER($B$2),$B$2+A6-1,"") | C6: تشويق وهوية | D6: الحرفة | E6: ريل | F6: معنى الاسم: السكب | G6: سكبة واحدة بتفرق. اسمنا جاي من هنا. | H6: فيديو سكب قهوة (تصوير مبدئي) | I6: احفظ | J6: حفظ ومشاركة | K6: لقطة من الأفكار الأولى | L6: نشر الموضوع نفسه بنص محلي: معنى الاسم: السكب | O6: مسودة
A7: 2 | B7: =IF(ISNUMBER($B$2),$B$2+A7-1,"") | C7: تشويق وهوية | D7: الأجواء | E7: منشور | F7: ألوان المكان من خاماته | G7: الأزرق والخشب والرملي. ألوان مكاننا طالعة من خاماته. | H7: لوحة الألوان | I7: شاركنا رأيك | J7: تعليقات | K7: سؤال: قهوتك إزاي؟ | L7: نشر الموضوع نفسه بنص محلي: ألوان المكان من خاماته | O7: مسودة
A8: 3 | B8: =IF(ISNUMBER($B$2),$B$2+A8-1,"") | C8: تشويق وهوية | E8: ستوري فقط | K8: كلمة الأسبوع: سكب | O8: مسودة
A9: 4 | B9: =IF(ISNUMBER($B$2),$B$2+A9-1,"") | C9: تشويق وهوية | D9: الحرفة | E9: ريل | F9: معنى الاسم: السكب | G9: سكبة واحدة بتفرق. اسمنا جاي من هنا. | H9: فيديو سكب قهوة (تصوير مبدئي) | I9: احفظ | J9: حفظ ومشاركة | K9: لقطة من الأفكار الأولى | L9: نشر الموضوع نفسه بنص محلي: معنى الاسم: السكب | O9: مسودة
A10: 5 | B10: =IF(ISNUMBER($B$2),$B$2+A10-1,"") | C10: تشويق وهوية | D10: الأجواء | E10: كاروسيل | F10: من الفكرة للمكان | G10: من ورقة بسيطة لمكان بيتبني. ده أول فصل. | H10: 3 إلى 5 صور تصميم | I10: احفظ | J10: حفظ | K10: سؤال: قهوتك إزاي؟ | L10: نشر الموضوع نفسه بنص محلي: من الفكرة للمكان | O10: مسودة
A11: 6 | B11: =IF(ISNUMBER($B$2),$B$2+A11-1,"") | C11: تشويق وهوية | E11: ستوري فقط | K11: كلمة الأسبوع: سكب | M11: تحديث صور الملف | O11: مسودة
A12: 7 | B12: =IF(ISNUMBER($B$2),$B$2+A12-1,"") | C12: تشويق وهوية | E12: راحة ومتابعة تفاعل | O12: مسودة
A13: 8 | B13: =IF(ISNUMBER($B$2),$B$2+A13-1,"") | C13: تشويق وهوية | D13: الحرفة | E13: ريل | F13: معنى الاسم: السكب | G13: سكبة واحدة بتفرق. اسمنا جاي من هنا. | H13: فيديو سكب قهوة (تصوير مبدئي) | I13: احفظ | J13: حفظ ومشاركة | K13: سؤال: قهوتك إزاي؟ | L13: نشر الموضوع نفسه بنص محلي: معنى الاسم: السكب | O13: مسودة
A14: 9 | B14: =IF(ISNUMBER($B$2),$B$2+A14-1,"") | C14: تشويق وهوية | D14: الأجواء | E14: منشور | F14: ألوان المكان من خاماته | G14: الأزرق والخشب والرملي. ألوان مكاننا طالعة من خاماته. | H14: لوحة الألوان | I14: شاركنا رأيك | J14: تعليقات | K14: كلمة الأسبوع: سكب | L14: نشر الموضوع نفسه بنص محلي: ألوان المكان من خاماته | O14: مسودة
A15: 10 | B15: =IF(ISNUMBER($B$2),$B$2+A15-1,"") | C15: تشويق وهوية | E15: ستوري فقط | K15: لقطة من الأفكار الأولى | O15: مسودة
A16: 11 | B16: =IF(ISNUMBER($B$2),$B$2+A16-1,"") | C16: تشويق وهوية | D16: الحرفة | E16: ريل | F16: معنى الاسم: السكب | G16: سكبة واحدة بتفرق. اسمنا جاي من هنا. | H16: فيديو سكب قهوة (تصوير مبدئي) | I16: احفظ | J16: حفظ ومشاركة | K16: سؤال: قهوتك إزاي؟ | L16: نشر الموضوع نفسه بنص محلي: معنى الاسم: السكب | O16: مسودة
A17: 12 | B17: =IF(ISNUMBER($B$2),$B$2+A17-1,"") | C17: تشويق وهوية | D17: الأجواء | E17: كاروسيل | F17: من الفكرة للمكان | G17: من ورقة بسيطة لمكان بيتبني. ده أول فصل. | H17: 3 إلى 5 صور تصميم | I17: احفظ | J17: حفظ | K17: كلمة الأسبوع: سكب | L17: نشر الموضوع نفسه بنص محلي: من الفكرة للمكان | O17: مسودة
A18: 13 | B18: =IF(ISNUMBER($B$2),$B$2+A18-1,"") | C18: تشويق وهوية | E18: ستوري فقط | K18: لقطة من الأفكار الأولى | M18: منشور على الملف: [عرض/حدث] | O18: مسودة
A19: 14 | B19: =IF(ISNUMBER($B$2),$B$2+A19-1,"") | C19: تشويق وهوية | E19: راحة ومتابعة تفاعل | O19: مسودة
A20: 15 | B20: =IF(ISNUMBER($B$2),$B$2+A20-1,"") | C20: كواليس المكان والقهوة | D20: الأجواء | E20: ريل | F20: تقدم التشطيب في المكان | G20: المكان بيكبر يوم عن يوم. | H20: لقطات الموقع | I20: تابعنا | J20: مشاهدات | K20: لقطة من الموقع | L20: نشر الموضوع نفسه بنص محلي: تقدم التشطيب في المكان | O20: مسودة
A21: 16 | B21: =IF(ISNUMBER($B$2),$B$2+A21-1,"") | C21: كواليس المكان والقهوة | D21: المنتجات | E21: منشور | F21: لمحة عن الحلويات والمخبوزات [المنيو مطلوب] | G21: حاجة حلوة مع قهوتك. لسه بنظبط التفاصيل. | H21: صور المنتج الحقيقية | I21: احفظ | J21: حفظ | K21: وراء الكواليس: [شيء جديد] | L21: نشر الموضوع نفسه بنص محلي: لمحة عن الحلويات والمخبوزات [المنيو مطلوب] | O21: مسودة
A22: 17 | B22: =IF(ISNUMBER($B$2),$B$2+A22-1,"") | C22: كواليس المكان والقهوة | E22: ستوري فقط | K22: استطلاع رأي صغير | O22: مسودة
A23: 18 | B23: =IF(ISNUMBER($B$2),$B$2+A23-1,"") | C23: كواليس المكان والقهوة | D23: الناس والمجتمع | E23: ريل | F23: تعرّف على الفريق | G23: الناس اللي هتقابلوهم أول ما تدخلوا. | H23: تصوير الفريق مع موافقتهم | I23: تابعنا | J23: مشاهدات | K23: سؤال وجواب عن القهوة | L23: نشر الموضوع نفسه بنص محلي: تعرّف على الفريق | O23: مسودة
A24: 19 | B24: =IF(ISNUMBER($B$2),$B$2+A24-1,"") | C24: كواليس المكان والقهوة | D24: العروض | E24: منشور | F24: كلمة على الجيران والمكاتب القريبة | G24: جيراننا في العاشر، قربنا. هنعدّي عليكم. | H24: تصميم | I24: تواصل واتساب | J24: رسائل | K24: لقطة من الموقع | L24: نشر الموضوع نفسه بنص محلي: كلمة على الجيران والمكاتب القريبة | O24: مسودة
A25: 20 | B25: =IF(ISNUMBER($B$2),$B$2+A25-1,"") | C25: كواليس المكان والقهوة | E25: ستوري فقط | K25: وراء الكواليس: [شيء جديد] | M25: طلب مراجعة بعد الزيارة | O25: مسودة
A26: 21 | B26: =IF(ISNUMBER($B$2),$B$2+A26-1,"") | C26: كواليس المكان والقهوة | E26: راحة ومتابعة تفاعل | O26: مسودة
A27: 22 | B27: =IF(ISNUMBER($B$2),$B$2+A27-1,"") | C27: كواليس المكان والقهوة | D27: الأجواء | E27: ريل | F27: تقدم التشطيب في المكان | G27: المكان بيكبر يوم عن يوم. | H27: لقطات الموقع | I27: تابعنا | J27: مشاهدات | K27: سؤال وجواب عن القهوة | L27: نشر الموضوع نفسه بنص محلي: تقدم التشطيب في المكان | O27: مسودة
A28: 23 | B28: =IF(ISNUMBER($B$2),$B$2+A28-1,"") | C28: كواليس المكان والقهوة | D28: المنتجات | E28: منشور | F28: لمحة عن الحلويات والمخبوزات [المنيو مطلوب] | G28: حاجة حلوة مع قهوتك. لسه بنظبط التفاصيل. | H28: صور المنتج الحقيقية | I28: احفظ | J28: حفظ | K28: لقطة من الموقع | L28: نشر الموضوع نفسه بنص محلي: لمحة عن الحلويات والمخبوزات [المنيو مطلوب] | O28: مسودة
A29: 24 | B29: =IF(ISNUMBER($B$2),$B$2+A29-1,"") | C29: كواليس المكان والقهوة | E29: ستوري فقط | K29: وراء الكواليس: [شيء جديد] | O29: مسودة
A30: 25 | B30: =IF(ISNUMBER($B$2),$B$2+A30-1,"") | C30: كواليس المكان والقهوة | D30: الناس والمجتمع | E30: ريل | F30: تعرّف على الفريق | G30: الناس اللي هتقابلوهم أول ما تدخلوا. | H30: تصوير الفريق مع موافقتهم | I30: تابعنا | J30: مشاهدات | K30: استطلاع رأي صغير | L30: نشر الموضوع نفسه بنص محلي: تعرّف على الفريق | O30: مسودة
A31: 26 | B31: =IF(ISNUMBER($B$2),$B$2+A31-1,"") | C31: كواليس المكان والقهوة | D31: العروض | E31: منشور | F31: كلمة على الجيران والمكاتب القريبة | G31: جيراننا في العاشر، قربنا. هنعدّي عليكم. | H31: تصميم | I31: تواصل واتساب | J31: رسائل | K31: سؤال وجواب عن القهوة | L31: نشر الموضوع نفسه بنص محلي: كلمة على الجيران والمكاتب القريبة | O31: مسودة
A32: 27 | B32: =IF(ISNUMBER($B$2),$B$2+A32-1,"") | C32: كواليس المكان والقهوة | E32: ستوري فقط | K32: لقطة من الموقع | M32: إضافة صور المنتج | O32: مسودة
A33: 28 | B33: =IF(ISNUMBER($B$2),$B$2+A33-1,"") | C33: كواليس المكان والقهوة | E33: راحة ومتابعة تفاعل | O33: مسودة
A34: 29 | B34: =IF(ISNUMBER($B$2),$B$2+A34-1,"") | C34: كواليس المكان والقهوة | D34: الأجواء | E34: ريل | F34: تقدم التشطيب في المكان | G34: المكان بيكبر يوم عن يوم. | H34: لقطات الموقع | I34: تابعنا | J34: مشاهدات | K34: استطلاع رأي صغير | L34: نشر الموضوع نفسه بنص محلي: تقدم التشطيب في المكان | O34: مسودة
A35: 30 | B35: =IF(ISNUMBER($B$2),$B$2+A35-1,"") | C35: كواليس المكان والقهوة | D35: المنتجات | E35: منشور | F35: لمحة عن الحلويات والمخبوزات [المنيو مطلوب] | G35: حاجة حلوة مع قهوتك. لسه بنظبط التفاصيل. | H35: صور المنتج الحقيقية | I35: احفظ | J35: حفظ | K35: سؤال وجواب عن القهوة | L35: نشر الموضوع نفسه بنص محلي: لمحة عن الحلويات والمخبوزات [المنيو مطلوب] | O35: مسودة
A36: 31 | B36: =IF(ISNUMBER($B$2),$B$2+A36-1,"") | C36: كواليس المكان والقهوة | E36: ستوري فقط | K36: لقطة من الموقع | O36: مسودة
A37: 32 | B37: =IF(ISNUMBER($B$2),$B$2+A37-1,"") | C37: كواليس المكان والقهوة | D37: الناس والمجتمع | E37: ريل | F37: تعرّف على الفريق | G37: الناس اللي هتقابلوهم أول ما تدخلوا. | H37: تصوير الفريق مع موافقتهم | I37: تابعنا | J37: مشاهدات | K37: وراء الكواليس: [شيء جديد] | L37: نشر الموضوع نفسه بنص محلي: تعرّف على الفريق | O37: مسودة
A38: 33 | B38: =IF(ISNUMBER($B$2),$B$2+A38-1,"") | C38: كواليس المكان والقهوة | D38: العروض | E38: منشور | F38: كلمة على الجيران والمكاتب القريبة | G38: جيراننا في العاشر، قربنا. هنعدّي عليكم. | H38: تصميم | I38: تواصل واتساب | J38: رسائل | K38: استطلاع رأي صغير | L38: نشر الموضوع نفسه بنص محلي: كلمة على الجيران والمكاتب القريبة | O38: مسودة
A39: 34 | B39: =IF(ISNUMBER($B$2),$B$2+A39-1,"") | C39: كواليس المكان والقهوة | E39: ستوري فقط | K39: سؤال وجواب عن القهوة | M39: تحديث المواعيد والمنيو | O39: مسودة
A40: 35 | B40: =IF(ISNUMBER($B$2),$B$2+A40-1,"") | C40: العد التنازلي والافتتاح التجريبي | E40: راحة ومتابعة تفاعل | O40: مسودة
A41: 36 | B41: =IF(ISNUMBER($B$2),$B$2+A41-1,"") | C41: العد التنازلي والافتتاح التجريبي | D41: العروض | E41: ريل | F41: العد التنازلي | G41: باقي [عدد] أيام على الافتتاح. | H41: تصميم عد تنازلي | I41: فعّل التذكير | J41: مشاهدات | K41: تذكير بالدعوة | L41: نشر الموضوع نفسه بنص محلي: العد التنازلي | O41: مسودة
A42: 37 | B42: =IF(ISNUMBER($B$2),$B$2+A42-1,"") | C42: العد التنازلي والافتتاح التجريبي | D42: الأجواء | E42: منشور | F42: لقطة المكان بالنهار | G42: ده مكاننا قبل ما تبدأوا تزورونا. | H42: صور المكان الحقيقية | I42: شاركنا | J42: مشاركات | K42: تحضيرات اليوم الأخير | L42: نشر الموضوع نفسه بنص محلي: لقطة المكان بالنهار | O42: مسودة
A43: 38 | B43: =IF(ISNUMBER($B$2),$B$2+A43-1,"") | C43: العد التنازلي والافتتاح التجريبي | E43: ستوري فقط | K43: العد التنازلي | N43: رسالة دعوة للافتتاح التجريبي (لقائمة الموافقين فقط) | O43: مسودة
A44: 39 | B44: =IF(ISNUMBER($B$2),$B$2+A44-1,"") | C44: العد التنازلي والافتتاح التجريبي | D44: العروض | E44: ريل | F44: العد التنازلي | G44: باقي [عدد] أيام على الافتتاح. | H44: تصميم عد تنازلي | I44: فعّل التذكير | J44: مشاهدات | K44: تذكير بالدعوة | L44: نشر الموضوع نفسه بنص محلي: العد التنازلي | O44: مسودة
A45: 40 | B45: =IF(ISNUMBER($B$2),$B$2+A45-1,"") | C45: العد التنازلي والافتتاح التجريبي | D45: الأجواء | E45: منشور | F45: لقطة المكان بالنهار | G45: ده مكاننا قبل ما تبدأوا تزورونا. | H45: صور المكان الحقيقية | I45: شاركنا | J45: مشاركات | K45: تحضيرات اليوم الأخير | L45: نشر الموضوع نفسه بنص محلي: لقطة المكان بالنهار | O45: مسودة
A46: 41 | B46: =IF(ISNUMBER($B$2),$B$2+A46-1,"") | C46: العد التنازلي والافتتاح التجريبي | E46: ستوري فقط | K46: العد التنازلي | M46: تحديث صور الملف | O46: مسودة
A47: 42 | B47: =IF(ISNUMBER($B$2),$B$2+A47-1,"") | C47: العد التنازلي والافتتاح التجريبي | E47: راحة ومتابعة تفاعل | O47: مسودة
A48: 43 | B48: =IF(ISNUMBER($B$2),$B$2+A48-1,"") | C48: العد التنازلي والافتتاح التجريبي | D48: العروض | E48: ريل | F48: العد التنازلي | G48: باقي [عدد] أيام على الافتتاح. | H48: تصميم عد تنازلي | I48: فعّل التذكير | J48: مشاهدات | K48: تحضيرات اليوم الأخير | L48: نشر الموضوع نفسه بنص محلي: العد التنازلي | O48: مسودة
A49: 44 | B49: =IF(ISNUMBER($B$2),$B$2+A49-1,"") | C49: العد التنازلي والافتتاح التجريبي | D49: الأجواء | E49: منشور | F49: لقطة المكان بالنهار | G49: ده مكاننا قبل ما تبدأوا تزورونا. | H49: صور المكان الحقيقية | I49: شاركنا | J49: مشاركات | K49: العد التنازلي | L49: نشر الموضوع نفسه بنص محلي: لقطة المكان بالنهار | O49: مسودة
A50: 45 | B50: =IF(ISNUMBER($B$2),$B$2+A50-1,"") | C50: العد التنازلي والافتتاح التجريبي | D50: العروض | E50: ريل | F50: العد التنازلي | G50: باقي [عدد] أيام على الافتتاح. | H50: تصميم عد تنازلي | I50: فعّل التذكير | J50: مشاهدات | K50: تذكير بالدعوة | L50: نشر الموضوع نفسه بنص محلي: العد التنازلي | N50: تذكير قبل الحدث بيوم | O50: مسودة
A51: 46 | B51: =IF(ISNUMBER($B$2),$B$2+A51-1,"") | C51: يوم الافتتاح: الإطلاق | D51: العروض | E51: ريل | F51: يوم الافتتاح | G51: النهاردة بنفتح. أهلاً بكم في مسكوب. | H51: تصوير الافتتاح | I51: احنا هنا | J51: مشاهدات واتجاهات | K51: أول زبون | L51: نشر الموضوع نفسه بنص محلي: يوم الافتتاح | O51: مسودة
A52: 47 | B52: =IF(ISNUMBER($B$2),$B$2+A52-1,"") | C52: الإطلاق | D52: العروض | E52: منشور | F52: عرض الأسبوع الأول [عرض مؤكد مطلوب] | G52: [تفاصيل العرض المؤكد]. | H52: تصميم العرض | I52: اتجاهات | J52: استرداد | K52: مشروب اليوم | L52: نشر الموضوع نفسه بنص محلي: عرض الأسبوع الأول [عرض مؤكد مطلوب] | O52: مسودة
A53: 48 | B53: =IF(ISNUMBER($B$2),$B$2+A53-1,"") | C53: الإطلاق | E53: ستوري فقط | K53: اتجاهات والمواعيد | M53: منشور على الملف: [عرض/حدث] | O53: مسودة
A54: 49 | B54: =IF(ISNUMBER($B$2),$B$2+A54-1,"") | C54: الإطلاق | E54: راحة ومتابعة تفاعل | O54: مسودة
A55: 50 | B55: =IF(ISNUMBER($B$2),$B$2+A55-1,"") | C55: الإطلاق | D55: الناس والمجتمع | E55: ريل | F55: لحظات من أول أسبوع | G55: شكراً على أول أسبوع. | H55: لقطات حقيقية بموافقة | I55: شاركنا رأيك | J55: تفاعل | K55: أول زبون | L55: نشر الموضوع نفسه بنص محلي: لحظات من أول أسبوع | O55: مسودة
A56: 51 | B56: =IF(ISNUMBER($B$2),$B$2+A56-1,"") | C56: الإطلاق | D56: العروض | E56: منشور | F56: تيك أواي للمكاتب القريبة | G56: قهوتك للمكتب جاهزة بسرعة. | H56: تصميم عرض المكاتب | I56: تواصل واتساب | J56: رسائل واتساب | K56: مشروب اليوم | L56: نشر الموضوع نفسه بنص محلي: تيك أواي للمكاتب القريبة | O56: مسودة
A57: 52 | B57: =IF(ISNUMBER($B$2),$B$2+A57-1,"") | C57: الإطلاق | E57: ستوري فقط | K57: اتجاهات والمواعيد | N57: رسالة شكر بعد الزيارة | O57: مسودة
A58: 53 | B58: =IF(ISNUMBER($B$2),$B$2+A58-1,"") | C58: الإطلاق | D58: العروض | E58: ريل | F58: يوم الافتتاح | G58: النهاردة بنفتح. أهلاً بكم في مسكوب. | H58: تصوير الافتتاح | I58: احنا هنا | J58: مشاهدات واتجاهات | K58: شكراً على الزيارة | L58: نشر الموضوع نفسه بنص محلي: يوم الافتتاح | O58: مسودة
A59: 54 | B59: =IF(ISNUMBER($B$2),$B$2+A59-1,"") | C59: الإطلاق | D59: العروض | E59: منشور | F59: عرض الأسبوع الأول [عرض مؤكد مطلوب] | G59: [تفاصيل العرض المؤكد]. | H59: تصميم العرض | I59: اتجاهات | J59: استرداد | K59: أول زبون | L59: نشر الموضوع نفسه بنص محلي: عرض الأسبوع الأول [عرض مؤكد مطلوب] | O59: مسودة
A60: 55 | B60: =IF(ISNUMBER($B$2),$B$2+A60-1,"") | C60: الإطلاق | E60: ستوري فقط | K60: مشروب اليوم | M60: طلب مراجعة بعد الزيارة | O60: مسودة
A61: 56 | B61: =IF(ISNUMBER($B$2),$B$2+A61-1,"") | C61: الإطلاق | E61: راحة ومتابعة تفاعل | O61: مسودة
A62: 57 | B62: =IF(ISNUMBER($B$2),$B$2+A62-1,"") | C62: الإطلاق | D62: الناس والمجتمع | E62: ريل | F62: لحظات من أول أسبوع | G62: شكراً على أول أسبوع. | H62: لقطات حقيقية بموافقة | I62: شاركنا رأيك | J62: تفاعل | K62: شكراً على الزيارة | L62: نشر الموضوع نفسه بنص محلي: لحظات من أول أسبوع | O62: مسودة
A63: 58 | B63: =IF(ISNUMBER($B$2),$B$2+A63-1,"") | C63: الإطلاق | D63: العروض | E63: منشور | F63: تيك أواي للمكاتب القريبة | G63: قهوتك للمكتب جاهزة بسرعة. | H63: تصميم عرض المكاتب | I63: تواصل واتساب | J63: رسائل واتساب | K63: أول زبون | L63: نشر الموضوع نفسه بنص محلي: تيك أواي للمكاتب القريبة | O63: مسودة
A64: 59 | B64: =IF(ISNUMBER($B$2),$B$2+A64-1,"") | C64: الإطلاق | E64: ستوري فقط | K64: مشروب اليوم | N64: عرض المكاتب (للأعمال الموافقة فقط) | O64: مسودة
A65: 60 | B65: =IF(ISNUMBER($B$2),$B$2+A65-1,"") | C65: الإطلاق | D65: العروض | E65: ريل | F65: يوم الافتتاح | G65: النهاردة بنفتح. أهلاً بكم في مسكوب. | H65: تصوير الافتتاح | I65: احنا هنا | J65: مشاهدات واتجاهات | K65: اتجاهات والمواعيد | L65: نشر الموضوع نفسه بنص محلي: يوم الافتتاح | O65: مسودة
A66: 61 | B66: =IF(ISNUMBER($B$2),$B$2+A66-1,"") | C66: الاحتفاظ | D66: العروض | E66: منشور | F66: بطاقة الولاء [آلية مؤكدة مطلوبة] | G66: كل زيارة ليها تقدير عندنا. | H66: تصميم البطاقة | I66: اسأل الباريستا | J66: استخدام | K66: مشروب اليوم | L66: نشر الموضوع نفسه بنص محلي: بطاقة الولاء [آلية مؤكدة مطلوبة] | O66: مسودة
A67: 62 | B67: =IF(ISNUMBER($B$2),$B$2+A67-1,"") | C67: الاحتفاظ | E67: ستوري فقط | K67: لقطة من الفريق | M67: إضافة صور المنتج | O67: مسودة
A68: 63 | B68: =IF(ISNUMBER($B$2),$B$2+A68-1,"") | C68: الاحتفاظ | E68: راحة ومتابعة تفاعل | O68: مسودة
A69: 64 | B69: =IF(ISNUMBER($B$2),$B$2+A69-1,"") | C69: الاحتفاظ | D69: الحرفة | E69: ريل | F69: اختيار الباريستا | G69: اختيار الباريستا النهاردة. | H69: تصوير الباريستا | I69: اسأل | J69: تفاعل | K69: سؤال الأسبوع | L69: نشر الموضوع نفسه بنص محلي: اختيار الباريستا | O69: مسودة
A70: 65 | B70: =IF(ISNUMBER($B$2),$B$2+A70-1,"") | C70: الاحتفاظ | D70: الناس والمجتمع | E70: منشور | F70: قلتوا وعملنا | G70: سمعنا رأيكم وعدّلنا [التعديل]. | H70: تصميم ملخص الآراء | I70: شاركنا رأيك | J70: تعليقات | K70: مشروب اليوم | L70: نشر الموضوع نفسه بنص محلي: قلتوا وعملنا | O70: مسودة
A71: 66 | B71: =IF(ISNUMBER($B$2),$B$2+A71-1,"") | C71: الاحتفاظ | E71: ستوري فقط | K71: لقطة من الفريق | N71: جديد المنيو (للمشتركين فقط) | O71: مسودة
A72: 67 | B72: =IF(ISNUMBER($B$2),$B$2+A72-1,"") | C72: الاحتفاظ | D72: المنتجات | E72: ريل | F72: صنف جديد [مطلوب] | G72: جديد على المنيو. | H72: تصوير المنتج | I72: جرّبه | J72: زيارات | K72: إعادة نشر ما ينشره الزوار [بموافقتهم] | L72: نشر الموضوع نفسه بنص محلي: صنف جديد [مطلوب] | O72: مسودة
A73: 68 | B73: =IF(ISNUMBER($B$2),$B$2+A73-1,"") | C73: الاحتفاظ | D73: العروض | E73: منشور | F73: ملخص الشهر | G73: شهر عدّى. شكراً. | H73: تصميم | I73: شاركنا | J73: تفاعل | K73: سؤال الأسبوع | L73: نشر الموضوع نفسه بنص محلي: ملخص الشهر | O73: مسودة
A74: 69 | B74: =IF(ISNUMBER($B$2),$B$2+A74-1,"") | C74: الاحتفاظ | E74: ستوري فقط | K74: مشروب اليوم | M74: تحديث المواعيد والمنيو | O74: مسودة
A75: 70 | B75: =IF(ISNUMBER($B$2),$B$2+A75-1,"") | C75: الاحتفاظ | E75: راحة ومتابعة تفاعل | O75: مسودة
A76: 71 | B76: =IF(ISNUMBER($B$2),$B$2+A76-1,"") | C76: الاحتفاظ | D76: الناس والمجتمع | E76: ريل | F76: تعاون مع نشاط محلي [مطلوب] | G76: جار لينا في العاشر. | H76: تصوير مشترك بموافقة | I76: تابعنا | J76: مشاهدات | K76: إعادة نشر ما ينشره الزوار [بموافقتهم] | L76: نشر الموضوع نفسه بنص محلي: تعاون مع نشاط محلي [مطلوب] | O76: مسودة
A77: 72 | B77: =IF(ISNUMBER($B$2),$B$2+A77-1,"") | C77: الاحتفاظ | D77: الحرفة | E77: كاروسيل | F77: سلسلة: فهم القهوة | G77: فرق بين طرق التحضير في دقيقة. | H77: رسوم + صور | I77: احفظ | J77: حفظ | K77: سؤال الأسبوع | L77: نشر الموضوع نفسه بنص محلي: سلسلة: فهم القهوة | O77: مسودة
A78: 73 | B78: =IF(ISNUMBER($B$2),$B$2+A78-1,"") | C78: الاحتفاظ | E78: ستوري فقط | K78: مشروب اليوم | N78: رسالة دعوة للافتتاح التجريبي (لقائمة الموافقين فقط) | O78: مسودة
A79: 74 | B79: =IF(ISNUMBER($B$2),$B$2+A79-1,"") | C79: الاحتفاظ | D79: الحرفة | E79: ريل | F79: اختيار الباريستا | G79: اختيار الباريستا النهاردة. | H79: تصوير الباريستا | I79: اسأل | J79: تفاعل | K79: لقطة من الفريق | L79: نشر الموضوع نفسه بنص محلي: اختيار الباريستا | O79: مسودة
A80: 75 | B80: =IF(ISNUMBER($B$2),$B$2+A80-1,"") | C80: الاحتفاظ | D80: الأجواء | E80: منشور | F80: ركن من أركان المكان | G80: ركن جديد تكتشفه كل مرة. | H80: صور المكان | I80: اتجاهات | J80: اتجاهات | K80: إعادة نشر ما ينشره الزوار [بموافقتهم] | L80: نشر الموضوع نفسه بنص محلي: ركن من أركان المكان | O80: مسودة
A81: 76 | B81: =IF(ISNUMBER($B$2),$B$2+A81-1,"") | C81: الاحتفاظ | E81: ستوري فقط | K81: سؤال الأسبوع | M81: تحديث صور الملف | O81: مسودة
A82: 77 | B82: =IF(ISNUMBER($B$2),$B$2+A82-1,"") | C82: الاحتفاظ | E82: راحة ومتابعة تفاعل | O82: مسودة
A83: 78 | B83: =IF(ISNUMBER($B$2),$B$2+A83-1,"") | C83: الاحتفاظ | D83: المنتجات | E83: ريل | F83: صنف جديد [مطلوب] | G83: جديد على المنيو. | H83: تصوير المنتج | I83: جرّبه | J83: زيارات | K83: لقطة من الفريق | L83: نشر الموضوع نفسه بنص محلي: صنف جديد [مطلوب] | O83: مسودة
A84: 79 | B84: =IF(ISNUMBER($B$2),$B$2+A84-1,"") | C84: الاحتفاظ | D84: العروض | E84: منشور | F84: بطاقة الولاء [آلية مؤكدة مطلوبة] | G84: كل زيارة ليها تقدير عندنا. | H84: تصميم البطاقة | I84: اسأل الباريستا | J84: استخدام | K84: إعادة نشر ما ينشره الزوار [بموافقتهم] | L84: نشر الموضوع نفسه بنص محلي: بطاقة الولاء [آلية مؤكدة مطلوبة] | O84: مسودة
A85: 80 | B85: =IF(ISNUMBER($B$2),$B$2+A85-1,"") | C85: الاحتفاظ | E85: ستوري فقط | K85: سؤال الأسبوع | N85: تذكير قبل الحدث بيوم | O85: مسودة
A86: 81 | B86: =IF(ISNUMBER($B$2),$B$2+A86-1,"") | C86: الاحتفاظ | D86: الناس والمجتمع | E86: ريل | F86: تعاون مع نشاط محلي [مطلوب] | G86: جار لينا في العاشر. | H86: تصوير مشترك بموافقة | I86: تابعنا | J86: مشاهدات | K86: مشروب اليوم | L86: نشر الموضوع نفسه بنص محلي: تعاون مع نشاط محلي [مطلوب] | O86: مسودة
A87: 82 | B87: =IF(ISNUMBER($B$2),$B$2+A87-1,"") | C87: الاحتفاظ | D87: الناس والمجتمع | E87: منشور | F87: قلتوا وعملنا | G87: سمعنا رأيكم وعدّلنا [التعديل]. | H87: تصميم ملخص الآراء | I87: شاركنا رأيك | J87: تعليقات | K87: لقطة من الفريق | L87: نشر الموضوع نفسه بنص محلي: قلتوا وعملنا | O87: مسودة
A88: 83 | B88: =IF(ISNUMBER($B$2),$B$2+A88-1,"") | C88: الاحتفاظ | E88: ستوري فقط | K88: إعادة نشر ما ينشره الزوار [بموافقتهم] | M88: منشور على الملف: [عرض/حدث] | O88: مسودة
A89: 84 | B89: =IF(ISNUMBER($B$2),$B$2+A89-1,"") | C89: الاحتفاظ | E89: راحة ومتابعة تفاعل | O89: مسودة
A90: 85 | B90: =IF(ISNUMBER($B$2),$B$2+A90-1,"") | C90: الاحتفاظ | D90: الحرفة | E90: ريل | F90: اختيار الباريستا | G90: اختيار الباريستا النهاردة. | H90: تصوير الباريستا | I90: اسأل | J90: تفاعل | K90: مشروب اليوم | L90: نشر الموضوع نفسه بنص محلي: اختيار الباريستا | O90: مسودة
A91: 86 | B91: =IF(ISNUMBER($B$2),$B$2+A91-1,"") | C91: الاحتفاظ | D91: العروض | E91: منشور | F91: ملخص الشهر | G91: شهر عدّى. شكراً. | H91: تصميم | I91: شاركنا | J91: تفاعل | K91: لقطة من الفريق | L91: نشر الموضوع نفسه بنص محلي: ملخص الشهر | O91: مسودة
A92: 87 | B92: =IF(ISNUMBER($B$2),$B$2+A92-1,"") | C92: الاحتفاظ | E92: ستوري فقط | K92: إعادة نشر ما ينشره الزوار [بموافقتهم] | N92: رسالة شكر بعد الزيارة | O92: مسودة
A93: 88 | B93: =IF(ISNUMBER($B$2),$B$2+A93-1,"") | C93: الاحتفاظ | D93: المنتجات | E93: ريل | F93: صنف جديد [مطلوب] | G93: جديد على المنيو. | H93: تصوير المنتج | I93: جرّبه | J93: زيارات | K93: سؤال الأسبوع | L93: نشر الموضوع نفسه بنص محلي: صنف جديد [مطلوب] | O93: مسودة
A94: 89 | B94: =IF(ISNUMBER($B$2),$B$2+A94-1,"") | C94: الاحتفاظ | D94: الحرفة | E94: كاروسيل | F94: سلسلة: فهم القهوة | G94: فرق بين طرق التحضير في دقيقة. | H94: رسوم + صور | I94: احفظ | J94: حفظ | K94: مشروب اليوم | L94: نشر الموضوع نفسه بنص محلي: سلسلة: فهم القهوة | O94: مسودة
A95: 90 | B95: =IF(ISNUMBER($B$2),$B$2+A95-1,"") | C95: الاحتفاظ | E95: ستوري فقط | K95: لقطة من الفريق | M95: طلب مراجعة بعد الزيارة | O95: مسودة

Sheet ملخص
A1: عدّاد الأشكال والمنصات
A3: البند | B3: العدد
A4: ريلز | B4: =COUNTIF('التقويم'!E6:E95,"ريل")
A5: منشورات | B5: =COUNTIF('التقويم'!E6:E95,"منشور")
A6: كاروسيل | B6: =COUNTIF('التقويم'!E6:E95,"كاروسيل")
A7: أيام ستوري | B7: =COUNTIF('التقويم'!K6:K95,"?*")
A8: نشر فيسبوك | B8: =COUNTIF('التقويم'!L6:L95,"?*")
A9: منشورات خرائط | B9: =COUNTIF('التقويم'!M6:M95,"?*")
A10: رسائل واتساب | B10: =COUNTIF('التقويم'!N6:N95,"?*")
A11: معتمد أو منشور | B11: =COUNTIF('التقويم'!O6:O95,"معتمد")+COUNTIF('التقويم'!O6:O95,"منشور")

Sheet الركائز
A1: الركيزة | B1: الهدف | C1: الجمهور | D1: الأشكال | E1: أمثلة | F1: الأصول | G1: الدعوة | H1: المقياس
A2: المنتجات والمشروبات | B2: إظهار ما نقدمه | C2: الزوار المحتملون | D2: لقطات قريبة وريلز | E2: أول سكبة من مشروب البيت [مطلوب] | F2: تصوير حقيقي للمنتج | G2: احفظ وجرّب | H2: الحفظ والمشاركة
A3: الأجواء والمكان | B3: بناء الإحساس | C3: السكان وأصحاب الأعمال | D3: صور وفيديو قصير | E3: من الإنشاء إلى الخامات | F3: دخول الموقع | G3: تابع للافتتاح | H3: المتابعون والوصول
A4: الحرفة والجودة | B4: كسب الثقة | C4: عشاق القهوة | D4: ريلز عملية وكاروسيل | E4: ضبط الشوت | F4: وقت الباريستا | G4: اسأل في التعليقات | H4: التعليقات
A5: الناس والمجتمع | B5: الانتماء المحلي | C5: السكان والمكاتب | D5: فريق وجيران | E5: تعريف بالفريق | F5: موافقات مكتوبة | G5: تاج صاحبك | H5: الإشارات
A6: العروض والتحويل | B6: دفع الزيارة الأولى | C6: القريبون من الموقع | D6: ستوري وإعلانات وواتساب | E6: دعوة الافتتاح | F6: عرض مؤكد | G6: اتجاهات وواتساب | H6: نقرات الاتجاهات والزيارات

Sheet قائمة اللقطات
A1: # | B1: اليوم المقترح | C1: اللقطة | D1: النوع | E1: المسؤول | F1: الحالة
A2: 1 | B2: [حدد] | C2: المكان أثناء التشطيب (ثابت ومتحرك) | D2: فيديو وصور | E2: المصوّر | F2: لم تُصوَّر
A3: 2 | B3: [حدد] | C3: الخامات: تيرازو وخشب وأزرق | D3: صور قريبة | E3: المصوّر | F3: لم تُصوَّر
A4: 3 | B4: [حدد] | C4: الماكينة والطحّانة: تشغيل أول | D4: فيديو | E4: المصوّر | F4: لم تُصوَّر
A5: 4 | B5: [حدد] | C5: الباريستا: ضبط الشوت | D5: فيديو | E5: المصوّر | F5: لم تُصوَّر
A6: 5 | B6: [حدد] | C6: البن [المصدر مطلوب] | D6: صور | E6: المصوّر | F6: لم تُصوَّر
A7: 6 | B7: [حدد] | C7: الحلويات والمخبوزات [المنيو مطلوب] | D7: صور | E7: المصوّر | F7: لم تُصوَّر
A8: 7 | B8: [حدد] | C8: الفريق (بموافقة) | D8: صور وفيديو | E8: المصوّر | F8: لم تُصوَّر
A9: 8 | B9: [حدد] | C9: الواجهة والمدخل | D9: صور | E9: المصوّر | F9: لم تُصوَّر
A10: 9 | B10: [حدد] | C10: الجلسات المختلفة بالنهار | D10: صور واسعة | E10: المصوّر | F10: لم تُصوَّر
A11: 10 | B11: [حدد] | C11: الافتتاح التجريبي (بموافقة الحضور) | D11: فيديو | E11: فريق الفيديو | F11: لم تُصوَّر
A12: 11 | B12: [حدد] | C12: يوم الافتتاح | D12: فيديو وصور | E12: فريق الفيديو | F12: لم تُصوَّر
A13: 12 | B13: [حدد] | C13: أول أسبوع: زوار بموافقتهم | D13: فيديو | E13: فريق الفيديو | F13: لم تُصوَّر

Sheet بنك الكابشنز
A1: اليوم | B1: المرحلة | C1: الفكرة | D1: كابشن مسودة بالمصري | E1: الحالة
A2: 1 | B2: تشويق وهوية | C2: معنى الاسم: السكب | D2: سكبة واحدة بتفرق. اسمنا جاي من هنا. | E2: بانتظار مراجعة كاتب ناطق
A3: 2 | B3: تشويق وهوية | C3: ألوان المكان من خاماته | D3: الأزرق والخشب والرملي. ألوان مكاننا طالعة من خاماته. | E3: بانتظار مراجعة كاتب ناطق
A4: 4 | B4: تشويق وهوية | C4: معنى الاسم: السكب | D4: سكبة واحدة بتفرق. اسمنا جاي من هنا. | E4: بانتظار مراجعة كاتب ناطق
A5: 5 | B5: تشويق وهوية | C5: من الفكرة للمكان | D5: من ورقة بسيطة لمكان بيتبني. ده أول فصل. | E5: بانتظار مراجعة كاتب ناطق
A6: 8 | B6: تشويق وهوية | C6: معنى الاسم: السكب | D6: سكبة واحدة بتفرق. اسمنا جاي من هنا. | E6: بانتظار مراجعة كاتب ناطق
A7: 9 | B7: تشويق وهوية | C7: ألوان المكان من خاماته | D7: الأزرق والخشب والرملي. ألوان مكاننا طالعة من خاماته. | E7: بانتظار مراجعة كاتب ناطق
A8: 11 | B8: تشويق وهوية | C8: معنى الاسم: السكب | D8: سكبة واحدة بتفرق. اسمنا جاي من هنا. | E8: بانتظار مراجعة كاتب ناطق
A9: 12 | B9: تشويق وهوية | C9: من الفكرة للمكان | D9: من ورقة بسيطة لمكان بيتبني. ده أول فصل. | E9: بانتظار مراجعة كاتب ناطق
A10: 15 | B10: كواليس المكان والقهوة | C10: تقدم التشطيب في المكان | D10: المكان بيكبر يوم عن يوم. | E10: بانتظار مراجعة كاتب ناطق
A11: 16 | B11: كواليس المكان والقهوة | C11: لمحة عن الحلويات والمخبوزات [المنيو مطلوب] | D11: حاجة حلوة مع قهوتك. لسه بنظبط التفاصيل. | E11: بانتظار مراجعة كاتب ناطق
A12: 18 | B12: كواليس المكان والقهوة | C12: تعرّف على الفريق | D12: الناس اللي هتقابلوهم أول ما تدخلوا. | E12: بانتظار مراجعة كاتب ناطق
A13: 19 | B13: كواليس المكان والقهوة | C13: كلمة على الجيران والمكاتب القريبة | D13: جيراننا في العاشر، قربنا. هنعدّي عليكم. | E13: بانتظار مراجعة كاتب ناطق
... A54: 89 | B54: الاحتفاظ | C54: سلسلة: فهم القهوة | D54: فرق بين طرق التحضير في دقيقة. | E54: بانتظار مراجعة كاتب ناطق

Sheet المؤشرات
A1: المؤشر | B1: المنصة | C1: طريقة القياس | D1: القيمة المستهدفة
A2: زيارات الملف الشخصي | B2: إنستجرام | C2: إحصاءات الحساب | D2: [بعد خط أساس الأسبوع 4]
A3: الحفظ والمشاركة | B3: إنستجرام | C3: إحصاءات المنشور | D3: [بعد خط أساس الأسبوع 4]
A4: مشاهدات الريلز | B4: إنستجرام | C4: إحصاءات الريل | D4: [بعد خط أساس الأسبوع 4]
A5: وصول المنشورات المحلية | B5: فيسبوك | C5: إحصاءات الصفحة | D5: [بعد خط أساس الأسبوع 4]
A6: مشاهدات الملف والاتجاهات والمكالمات | B6: خرائط جوجل | C6: إحصاءات الملف | D6: [بعد الافتتاح]
A7: بدء محادثات واتساب | B7: واتساب | C7: عدّاد يدوي أو أداة | D7: [بعد الافتتاح]
A8: حضور الافتتاح التجريبي | B8: ميداني | C8: قائمة حضور | D8: [حسب الدعوات]
A9: استرداد العرض | B9: ميداني | C9: كود أو بطاقة | D9: [بعد تأكيد العرض]

Sheet الاعتماد
A1: الخطوة | B1: المسؤول | C1: المدة المقترحة | D1: الملاحظات
A2: مسودة المحتوى | B2: المسوّق | C2: 1 يوم | D2: نص وفكرة
A3: مراجعة اللغة | B3: كاتب ناطق | C3: 1 يوم | D3: اللهجة المصرية
A4: اعتماد المالك | B4: المالك | C4: 24 إلى 48 ساعة | D4: يُحدد من هو المعتمد [مطلوب]
A5: الجدولة | B5: المسوّق | C5: نفس اليوم | D5: بعد الاعتماد فقط
A6: المتابعة والرد | B6: مسؤول المجتمع | C6: يوميًا | D6: في نفس يوم النشر

Sheet بنود مفتوحة
A1: البند | B1: لماذا يهم | C1: المسؤول | D1: الحالة
A2: المنيو والأسعار | B2: محتوى المنتجات | C2: المالك | D2: مفتوح
A3: موعد الافتتاح | B3: ضبط التقويم | C3: المالك | D3: مفتوح
A4: العنوان والهاتف | B4: الخرائط والاتجاهات | C4: المالك | D4: مفتوح
A5: حسابات السوشيال | B5: نشر ومراجعة | C5: المالك | D5: مفتوح
A6: عرض الافتتاح المؤكد | B6: محتوى العروض | C6: المالك | D6: مفتوح
A7: مصدر البن | B7: محتوى الحرفة | C7: المالك | D7: مفتوح
A8: موافقات التصوير | B8: خصوصية | C8: المسوّق | D8: مفتوح
A9: مراجعة اللغة | B9: جودة الكابشن | C9: كاتب ناطق | D9: مفتوح
